{
  "name": "Cutscene 1",
  "final_step": 11,
  "events": [
    {
      "step": 0,
      "text": "6 de Junho de 20XX, Shenzhen - China",
      "speed": 0.4,
      "size": 40,
      "rgb_color": [237, 237, 237],
      "pos_x": 50,
      "pos_y": 50
    },
    {
      "step": 1,
      "text": "Acontecia nesse dia um dos maiores eventos tecnológicos do planeta: ",
      "speed": 0.4,
      "size": 40,
      "rgb_color": [237, 237, 237],
      "pos_x": 50,
      "pos_y": 50
    },
    {
      "step": 2,
      "text": "A Convenção Ziaomi",
      "speed": 0.4,
      "size": 40,
      "rgb_color": [237, 237, 237],
      "pos_x": 50,
      "pos_y": 50
    },
    {
      "step": 3,
      "text": "Dentre a multidão polvorosa, Jacob Back aguardava, ansiosamente, o início do evento.",
      "speed": 0.4,
      "size": 40,
      "rgb_color": [237, 237, 237],
      "pos_x": 50,
      "pos_y": 50
    },
    {
      "step": 4,
      "text": "Jacob era um homem comum, de ascendência judia, dos Estados Unidos.",
      "speed": 0.4,
      "size": 40,
      "rgb_color": [237, 237, 237],
      "pos_x": 50,
      "pos_y": 50
    },
    {
      "step": 5,
      "text": "Seu interesse por tecnologia era imenso.",
      "speed": 0.4,
      "size": 40,
      "rgb_color": [237, 237, 237],
      "pos_x": 50,
      "pos_y": 50
    },
    {
      "step": 6,
      "text": "De repente, uma movimentação incomum toma sua atenção.",
      "speed": 0.4,
      "size": 40,
      "rgb_color": [237, 237, 237],
      "pos_x": 50,
      "pos_y": 50
    },
    {
      "step": 7,
      "text": "Cientista 1: Cuide disso com sua vida!",
      "speed": 2,
      "size": 40,
      "rgb_color": [0, 0, 0],
      "pos_x": 50,
      "pos_y": 50
    },
    {
      "step": 8,
      "text": "Jacob: Mas o que...?!",
      "speed": 0.2,
      "size": 40,
      "rgb_color": [0, 0, 0],
      "pos_x": 50,
      "pos_y": 50
    },
    {
      "step": 9,
      "text": "Cientista 2: Não há tempo para explicar!",
      "speed": 2,
      "size": 40,
      "rgb_color": [0, 0, 0],
      "pos_x": 50,
      "pos_y": 50
    },
    {
      "step": 10,
      "text": "Jacob pega, sem jeito, o relógio.",
      "speed": 0.6,
      "size": 40,
      "rgb_color": [237, 237, 237],
      "pos_x": 50,
      "pos_y": 50
    },
    {
      "step": 11,
      "text": "Sem querer, acaba tocando num dos botões....",
      "speed": 0.6,
      "size": 40,
      "rgb_color": [237, 237, 237],
      "pos_x": 50,
      "pos_y": 50
    }
  ]
}
