{
  "name": "Cutscene 16",
  "final_step": 3,
  "events": [
    {
      "step": 0,
      "text": "Mussolinus: Não! Não! Vermes... ",
      "speed": 0.4,
      "size": 40,
      "rgb_color": [0, 0, 0],
       "pos_x": 50,
      "pos_y": 50
    },
    {
      "step": 1,
      "text": "Mussolinus: Não.... acabarão... il bello mondo..... ",
      "speed": 0.4,
      "size": 40,
      "rgb_color": [0, 0, 0],
       "pos_x": 50,
      "pos_y": 50
    },
    {
      "step": 2,
      "text": "Jacob: Assassinos...",
      "speed": 0.6,
      "size": 40,
      "rgb_color": [0, 0, 0],
       "pos_x": 50,
      "pos_y": 50
    },
    {
      "step": 3,
      "text": "Kenji: Vamos, depressa! Podemos entrar no castelo.",
      "speed": 0.6,
      "size": 40,
      "rgb_color": [0, 0, 0],
       "pos_x": 50,
      "pos_y": 50
    }
  ]
}