{
  "name": "Cutscene 13",
  "final_step": 27,
  "events": [
    {
      "step": 0,
      "text": "20XX Shenzhen, China.",
      "speed": 0.6,
      "size": 40,
      "rgb_color": [237, 237, 237],
      "pos_x": 50,
      "pos_y": 50
    },
    {
      "step": 1,
      "text": "Jacob: Mas o que?! Vim parar em 1945?",
      "speed": 0.6,
      "size": 40,
      "rgb_color": [0, 0, 0],
       "pos_x": 50,
      "pos_y": 50
    },
    {
      "step": 2,
      "text": "Jacob olha no relógio e vê marcando 6 de junho de 20XX",
      "speed": 0.6,
      "size": 40,
      "rgb_color": [237, 237, 237],
       "pos_x": 50,
      "pos_y": 50
    },
    {
      "step": 3,
      "text": "porém com o dizer: cargas finalizadas.",
      "speed": 0.6,
      "size": 40,
      "rgb_color": [237, 237, 237],
       "pos_x": 50,
      "pos_y": 50
    },
    {
      "step": 4,
      "text": "Jacob: Não! Não!",
      "speed": 1,
      "size": 40,
      "rgb_color": [0, 0, 0],
       "pos_x": 50,
      "pos_y": 50
    },
    {
      "step": 5,
      "text": "Jacob se lembra de uma voz dizendo:",
      "speed": 0.6,
      "size": 40,
      "rgb_color": [237, 237, 237],
       "pos_x": 50,
      "pos_y": 50
    },
    {
      "step": 6,
      "text": "“Deverás viver com as consequências de seus atos”",
      "speed": 0.6,
      "size": 40,
      "rgb_color": [237, 237, 237],
       "pos_x": 50,
      "pos_y": 50
    },
    {
      "step": 7,
      "text": "Jacob: Mas eu matei Hitler! Tenho certeza! Então por que...?",
      "speed": 0.6,
      "size": 40,
      "rgb_color": [0, 0, 0],
       "pos_x": 50,
      "pos_y": 50
    },
    {
      "step": 8,
      "text": "Homem: Ei, você aí. Você não parece ariano. Quem é?",
      "speed": 0.6,
      "size": 40,
      "rgb_color": [0, 0, 0],
       "pos_x": 50,
      "pos_y": 50
    },
    {
      "step": 9,
      "text": "Jacob olha pra cima.",
      "speed": 0.6,
      "size": 40,
      "rgb_color": [237, 237, 237],
       "pos_x": 50,
      "pos_y": 50
    },
    {
      "step": 10,
      "text": "Jacob: Você é o cara do relógio! Onde estamos?",
      "speed": 0.6,
      "size": 40,
      "rgb_color": [0, 0, 0],
       "pos_x": 50,
      "pos_y": 50
    },
    {
      "step": 11,
      "text": "Jacob: Por que está tudo assim?",
      "speed": 0.6,
      "size": 40,
      "rgb_color": [0, 0, 0],
       "pos_x": 50,
      "pos_y": 50
    },
    {
      "step": 12,
      "text": "Homem: Relógio? Não sei do que fala. Estamos em 20XX.",
      "speed": 0.6,
      "size": 40,
      "rgb_color": [0, 0, 0],
       "pos_x": 50,
      "pos_y": 50
    },
    {
      "step": 13,
      "text": "Homem: Os coturnos pretos devem ter te batido forte...",
      "speed": 0.6,
      "size": 40,
      "rgb_color": [0, 0, 0],
       "pos_x": 50,
      "pos_y": 50
    },
    {
      "step": 14,
      "text": "Kenji: Me chamo Kenji.",
      "speed": 0.6,
      "size": 40,
      "rgb_color": [0, 0, 0],
       "pos_x": 50,
      "pos_y": 50
    },
    {
      "step": 15,
      "text": "Kenji: Sou da célula de resistência asiática.",
      "speed": 0.6,
      "size": 40,
      "rgb_color": [0, 0, 0],
       "pos_x": 50,
      "pos_y": 50
    },
    {
      "step": 16,
      "text": "Kenji: Meus companheiros e eu estamos dando início à retomada da China.",
      "speed": 0.6,
      "size": 40,
      "rgb_color": [0, 0, 0],
       "pos_x": 50,
      "pos_y": 50
    },
    {
      "step": 17,
      "text": "Jacob: Retomada?",
      "speed": 0.6,
      "size": 40,
      "rgb_color": [0, 0, 0],
       "pos_x": 50,
      "pos_y": 50
    },
    {
      "step": 18,
      "text": "Kenji: Sim. Dos Nazistas.",
      "speed": 0.6,
      "size": 40,
      "rgb_color": [0, 0, 0],
       "pos_x": 50,
      "pos_y": 50
    },
    {
      "step": 19,
      "text": "Kenji: Como havia dito, você não parece ariano.",
      "speed": 0.6,
      "size": 40,
      "rgb_color": [0, 0, 0],
       "pos_x": 50,
      "pos_y": 50
    },
    {
      "step": 20,
      "text": "Kenji: E pela arma, talvez possa me ajudar.",
      "speed": 0.6,
      "size": 40,
      "rgb_color": [0, 0, 0],
       "pos_x": 50,
      "pos_y": 50
    },
    {
      "step": 21,
      "text": "Kenji: A propósito, qual seu nome?",
      "speed": 0.6,
      "size": 40,
      "rgb_color": [0, 0, 0],
       "pos_x": 50,
      "pos_y": 50
    },
    {
      "step": 22,
      "text": "Jacob: Me chamo Jacob Back.",
      "speed": 0.6,
      "size": 40,
      "rgb_color": [0, 0, 0],
       "pos_x": 50,
      "pos_y": 50
    },
    {
      "step": 23,
      "text": "Kenji: Bom Jacob, o que me diz?",
      "speed": 0.6,
      "size": 40,
      "rgb_color": [0, 0, 0],
       "pos_x": 50,
      "pos_y": 50
    },
    {
      "step": 24,
      "text": "Kenji: Pode me ajudar a matar os malditos?",
      "speed": 0.6,
      "size": 40,
      "rgb_color": [0, 0, 0],
       "pos_x": 50,
      "pos_y": 50
    },
    {
      "step": 25,
      "text": "Jacob pensa que se o ajudar, talvez descubra o quê está acontecendo.",
      "speed": 0.6,
      "size": 40,
      "rgb_color": [237, 237, 237],
       "pos_x": 50,
      "pos_y": 50
    },
    {
      "step": 26,
      "text": "Jacob: Sim, o ajudarei.",
      "speed": 0.6,
      "size": 40,
      "rgb_color": [0, 0, 0],
       "pos_x": 50,
      "pos_y": 50
    },
    {
      "step": 27,
      "text": "Kenji: Muito bem! Vamos!",
      "speed": 0.6,
      "size": 40,
      "rgb_color": [0, 0, 0],
       "pos_x": 50,
      "pos_y": 50
    }
  ]
}