{
  "name": "Cutscene 12",
  "final_step": 9,
  "events": [
    {
      "step": 0,
      "text": "Adolf: Nein! Nein! Nein! Como perdemos para vermes inferiores?",
      "speed": 0.8,
      "size": 40,
      "rgb_color": [0, 0, 0],
      "pos_x": 50,
      "pos_y": 50
    },
    {
      "step": 1,
      "text": "Peter: Então... É isto?",
      "speed": 0.8,
      "size": 40,
      "rgb_color": [0, 0, 0],
      "pos_x": 50,
      "pos_y": 50
    },
    {
      "step": 2,
      "text": "Jacob: Sim. Mas há certas coisas que não falei.",
      "speed": 0.8,
      "size": 40,
      "rgb_color": [0, 0, 0],
      "pos_x": 50,
      "pos_y": 50
    },
    {
      "step": 3,
      "text": "Jacob: Você estava certo. Não sou um soldado.",
      "speed": 0.8,
      "size": 40,
      "rgb_color": [0, 0, 0],
      "pos_x": 50,
      "pos_y": 50
    },
    {
      "step": 4,
      "text": "Jacob: Digamos que eu possuo uma missão secreta.",
      "speed": 0.8,
      "size": 40,
      "rgb_color": [0, 0, 0],
      "pos_x": 50,
      "pos_y": 50
    },
    {
      "step": 5,
      "text": "Jacob: E graças a sua ajuda pude cumpri-la.",
      "speed": 0.8,
      "size": 40,
      "rgb_color": [0, 0, 0],
      "pos_x": 50,
      "pos_y": 50
    },
    {
      "step": 6,
      "text": "Jacob: Muito obrigado!",
      "speed": 0.8,
      "size": 40,
      "rgb_color": [0, 0, 0],
      "pos_x": 50,
      "pos_y": 50
    },
    {
      "step": 7,
      "text": "Jacob: Mas agora devo ir. Adeus!",
      "speed": 0.8,
      "size": 40,
      "rgb_color": [0, 0, 0],
      "pos_x": 50,
      "pos_y": 50
    },
    {
      "step": 8,
      "text": "Jacob sai da sala, e sem que Peter veja, retorna para seu tempo.",
      "speed": 0.8,
      "size": 40,
      "rgb_color": [237, 237, 237],
      "pos_x": 50,
      "pos_y": 50
    },
    {
      "step": 9,
      "text": "Peter: Espere! Para onde ele foi?",
      "speed": 0.8,
      "size": 40,
      "rgb_color": [0, 0, 0],
      "pos_x": 50,
      "pos_y": 50
    }
  ]
}