{
  "name": "Cutscene 17",
  "final_step": 3,
  "events":[
    {
      "step": 0,
      "text": "Kenji: O fuhrer deve estar na sala central",
      "speed": 0.4,
      "size": 40,
      "rgb_color": [0, 0, 0],
      "pos_x": 50,
      "pos_y": 50

    },
    {
      "step": 1,
      "text": "Gotisch: Vamos! Depressa!",
      "speed": 0.4,
      "size": 40,
      "rgb_color": [0, 0, 0],
      "pos_x": 50,
      "pos_y": 50

    },
    {
      "step": 2,
      "text": "Novamente, Jacob se pergunta se esse será seu destino: ",
      "speed": 0.6,
      "size": 40,
      "rgb_color": [237, 237, 237],
      "pos_x": 50,
      "pos_y": 50

    },
    {
      "step": 3,
      "text": "Lutar contra nazistas nesse futuro distópico",
      "speed": 0.6,
      "size": 40,
      "rgb_color": [237, 237, 237],
      "pos_x": 50,
      "pos_y": 50

    }
  ]
}