{
  "name": "Cutscene 10",
  "final_step": 13,
  "events": [
    {
      "step": 0,
      "text": "Soldado: Obrigado. Com certeza estaria morto agora se não fosse você...",
      "speed": 0.6,
      "size": 40,
      "rgb_color": [0, 0, 0],
      "pos_x": 50,
      "pos_y": 50
    },
    {
      "step": 1,
      "text": "Soldado: Mas... espere.. você não é um soldado!",
      "speed": 0.6,
      "size": 40,
      "rgb_color": [0, 0, 0],
      "pos_x": 50,
      "pos_y": 50
    },
    {
      "step": 2,
      "text": "Soldado: Quem é você?",
      "speed": 0.6,
      "size": 40,
      "rgb_color": [0, 0, 0],
      "pos_x": 50,
      "pos_y": 50
    },
    {
      "step": 3,
      "text": "Jacob: Hm, é um pouco complicado... Mas me chamo Jacob.",
      "speed": 0.6,
      "size": 40,
      "rgb_color": [0, 0, 0],
      "pos_x": 50,
      "pos_y": 50
    },
    {
      "step": 4,
      "text": "Jacob: Estou numa missão para matar um certo soldado inimigo. Adolf Hitler.",
      "speed": 0.6,
      "size": 40,
      "rgb_color": [0, 0, 0],
      "pos_x": 50,
      "pos_y": 50
    },
    {
      "step": 5,
      "text": "Jacob: Mas... passar pelas linhas alemãs será difícil...",
      "speed": 0.6,
      "size": 40,
      "rgb_color": [0, 0, 0],
      "pos_x": 50,
      "pos_y": 50
    },
    {
      "step": 6,
      "text": "Soldado: Entendo. Bem, você me ajudou.",
      "speed": 0.6,
      "size": 40,
      "rgb_color": [0, 0, 0],
      "pos_x": 50,
      "pos_y": 50
    },
    {
      "step": 7,
      "text": "Soldado: E cada alemão morto é uma vitória para a Inglaterra! Irei te ajudar!",
      "speed": 0.6,
      "size": 40,
      "rgb_color": [0, 0, 0],
      "pos_x": 50,
      "pos_y": 50
    },
    {
      "step": 8,
      "text": "Peter: A propósito, meu nome é Peter. Peter Kazinsson.",
      "speed": 0.6,
      "size": 40,
      "rgb_color": [0, 0, 0],
      "pos_x": 50,
      "pos_y": 50
    },
    {
      "step": 9,
      "text": "Peter: Mas... por que ele é tão importante?",
      "speed": 0.6,
      "size": 40,
      "rgb_color": [0, 0, 0],
      "pos_x": 50,
      "pos_y": 50
    },
    {
      "step": 10,
      "text": "Jacob: Ahnn...Ele possui informações valiosas sobre as estratégias aliadas...",
      "speed": 0.6,
      "size": 40,
      "rgb_color": [0, 0, 0],
      "pos_x": 50,
      "pos_y": 50
    },
    {
      "step": 11,
      "text": "Peter: Um mero cabo?",
      "speed": 0.6,
      "size": 40,
      "rgb_color": [0, 0, 0],
      "pos_x": 50,
      "pos_y": 50
    },
    {
      "step": 12,
      "text": "Jacob: Sim...",
      "speed": 0.6,
      "size": 40,
      "rgb_color": [0, 0, 0],
      "pos_x": 50,
      "pos_y": 50
    },
    {
      "step": 13,
      "text": "Peter: Nossa... Os alemães devem estar desesperados mesmo.",
      "speed": 0.6,
      "size": 40,
      "rgb_color": [0, 0, 0],
      "pos_x": 50,
      "pos_y": 50
    }
  ]
}