{
  "name": "Cutscene 14",
  "final_step": 21,
  "events": [
    {
      "step": 0,
      "text": "Jacob e Kenji chegam à praça principal. ",
      "speed": 0.6,
      "size": 40,
      "rgb_color": [237, 237, 237],
      "pos_x": 50,
      "pos_y": 50
    },
    {
      "step": 1,
      "text": "Kenji: Oh não! Desgraçados!",
      "speed": 1,
      "size": 40,
      "rgb_color": [0, 0, 0],
       "pos_x": 50,
      "pos_y": 50
    },
    {
      "step": 2,
      "text": "Kenji: O que aconteceu aqui?",
      "speed": 0.6,
      "size": 40,
      "rgb_color": [0, 0, 0],
       "pos_x": 50,
      "pos_y": 50
    },
    {
      "step": 3,
      "text": "Atiradora: Eram muitos. Estávamos indo bem...",
      "speed": 0.8,
      "size": 40,
      "rgb_color": [0, 0, 0],
       "pos_x": 50,
      "pos_y": 50
    },
    {
      "step": 4,
      "text": "Atiradora: Ganhamos uma rua de cada vez, até que...",
      "speed": 0.8,
      "size": 40,
      "rgb_color": [0, 0, 0],
       "pos_x": 50,
      "pos_y": 50
    },
    {
      "step": 5,
      "text": "Atirador: O General de Brigada fez uma armadilha.",
      "speed": 0.8,
      "size": 40,
      "rgb_color": [0, 0, 0],
      "pos_x": 50,
      "pos_y": 50
    },
    {
      "step": 6,
      "text": "Atirador: Ele estava nos esperando...",
      "speed": 0.8,
      "size": 40,
      "rgb_color": [0, 0, 0],
      "pos_x": 50,
      "pos_y": 50
    },
    {
      "step": 7,
      "text": "Atirador: Quando chegamos, fomos rapidamente cercados.",
      "speed": 0.8,
      "size": 40,
      "rgb_color": [0, 0, 0],
      "pos_x": 50,
      "pos_y": 50
    },
    {
      "step": 8,
      "text": "Atiradora: Um massacre... Levaram muitos de nós.",
      "speed": 0.4,
      "size": 40,
      "rgb_color": [0, 0, 0],
      "pos_x": 50,
      "pos_y": 50
    },
    {
      "step": 9,
      "text": "Kenji: Droga! E agora? Não podemos recuar! Não temos para onde fugir!",
      "speed": 0.8,
      "size": 40,
      "rgb_color": [0, 0, 0],
      "pos_x": 50,
      "pos_y": 50
    },
    {
      "step": 10,
      "text": "Atiradora: Talvez se... E se irmos pelas ruas paralelas? ",
      "speed": 0.4,
      "size": 40,
      "rgb_color": [0, 0, 0],
      "pos_x": 50,
      "pos_y": 50
    },
    {
      "step": 11,
      "text": "Atiradora: Um grupo pequeno pode passar despercebido.",
      "speed": 0.6,
      "size": 40,
      "rgb_color": [0, 0, 0],
      "pos_x": 50,
      "pos_y": 50
    },
    {
      "step": 12,
      "text": "Atirador: Sim... Se chegarmos no castelo, podemos matar o Fuhrer.",
      "speed": 0.6,
      "size": 40,
      "rgb_color": [0, 0, 0],
      "pos_x": 50,
      "pos_y": 50
    },
    {
      "step": 13,
      "text": "Kenji: Jacob, odeio pedir isso, mas você nos ajudaria?",
      "speed": 0.6,
      "size": 40,
      "rgb_color": [0, 0, 0],
      "pos_x": 50,
      "pos_y": 50
    },
    {
      "step": 14,
      "text": "Kenji: Como pode ver, somos o que restou da resistência.",
      "speed": 0.6,
      "size": 40,
      "rgb_color": [0, 0, 0],
      "pos_x": 50,
      "pos_y": 50
    },
    {
      "step": 15,
      "text": "Kenji: E precisamos garantir que Shenzhen saia do controle nazista.",
      "speed": 0.6,
      "size": 38,
      "rgb_color": [0, 0, 0],
      "pos_x": 50,
      "pos_y": 50
    },
    {
      "step": 16,
      "text": "Sem muita opção, Jacob aceita.",
      "speed": 0.6,
      "size": 40,
      "rgb_color": [237, 237, 237],
      "pos_x": 50,
      "pos_y": 50
    },
    {
      "step": 17,
      "text": "Ele parecia cada vez mais conformado que esse era seu futuro agora, sem as cargas do relógio.",
      "speed": 0.6,
      "size": 37,
      "rgb_color": [237, 237, 237],
      "pos_x": 50,
      "pos_y": 50
    },
    {
      "step": 18,
      "text": "Gotisch: Antes que me esqueça, meu nome é Bárbara Von Gotisch.",
      "speed": 0.6,
      "size": 40,
      "rgb_color": [0, 0, 0],
      "pos_x": 50,
      "pos_y": 50
    },
    {
      "step": 19,
      "text": "Gotisch: Mas pode me chamar de Gotisch.",
      "speed": 0.6,
      "size": 40,
      "rgb_color": [0, 0, 0],
      "pos_x": 50,
      "pos_y": 50
    },
    {
      "step": 20,
      "text": "Gotisch: E esse é o David.",
      "speed": 0.6,
      "size": 40,
      "rgb_color": [0, 0, 0],
      "pos_x": 50,
      "pos_y": 50
    },
    {
      "step": 21,
      "text": "Kazi: Prazer. Mas pode me chamar de Kazi.",
      "speed": 0.6,
      "size": 40,
      "rgb_color": [0, 0, 0],
      "pos_x": 50,
      "pos_y": 50
    }
  ]

}