{
  "name": "Cutscene 25",
  "final_step": 4,
  "events": [
    {
      "step": 0,
      "text": "Kairós: Parece que ele agarrou essa oportunidade.",
      "speed": 0.6,
      "size": 40,
      "rgb_color": [0, 0, 0],
      "pos_x": 50,
      "pos_y": 50
    },
    {
      "step": 1,
      "text": "Kairós: Excelente. E com a essência do meu pai utilizada...",
      "speed": 0.6,
      "size": 40,
      "rgb_color": [0, 0, 0],
      "pos_x": 50,
      "pos_y": 50
    },
    {
      "step": 2,
      "text": "Kairós: Parece que só eu controlo o tempo agora.",
      "speed": 0.2,
      "size": 40,
      "rgb_color": [0, 0, 0],
      "pos_x": 50,
      "pos_y": 50
    },
    {
      "step": 3,
      "text": "Kairós: ha ha ha ha ha",
      "speed": 0.4,
      "size": 40,
      "rgb_color": [0, 0, 0],
      "pos_x": 50,
      "pos_y": 50
    },
    {
      "step": 4,
      "text": "Kairós: HAHAHAHAHAHAHAHAHAHAHAHA",
      "speed": 0.4,
      "size": 40,
      "rgb_color": [0, 0, 0],
      "pos_x": 50,
      "pos_y": 50
    }
  ]
}