{
  "name": "Cutscene 21",
  "final_step": 28,
  "events": [
    {
      "step": 0,
      "text": "Cronos: Malditos humanos!",
      "speed": 0.8,
      "size": 40,
      "rgb_color": [0, 0, 0],
      "pos_x": 50,
      "pos_y": 50
    },
    {
      "step": 1,
      "text": "Cronos: Até quando pretendem desafiar aquilo que não compreendem?",
      "speed": 0.8,
      "size": 40,
      "rgb_color": [0, 0, 0],
      "pos_x": 50,
      "pos_y": 50
    },
    {
      "step": 2,
      "text": "Cronos: NHGAAAAAAAAAA....",
      "speed": 0.8,
      "size": 40,
      "rgb_color": [0, 0, 0],
      "pos_x": 50,
      "pos_y": 50
    },
    {
      "step": 3,
      "text": "Cronos desaparece num feixe de luz.",
      "speed": 0.6,
      "size": 40,
      "rgb_color": [237, 237, 237],
      "pos_x": 50,
      "pos_y": 50
    },
    {
      "step": 4,
      "text": "Kazi: O que foi tudo isso? Deuses?",
      "speed": 0.6,
      "size": 40,
      "rgb_color": [0, 0, 0],
      "pos_x": 50,
      "pos_y": 50
    },
    {
      "step": 5,
      "text": "Gotisch: Jacob, você entendeu algo?",
      "speed": 0.6,
      "size": 40,
      "rgb_color": [0, 0, 0],
      "pos_x": 50,
      "pos_y": 50
    },
    {
      "step": 6,
      "text": "Jacob explica sua jornada, sobre o relógio e sobre ser um viajante do tempo.",
      "speed": 0.6,
      "size": 40,
      "rgb_color": [237, 237, 237],
      "pos_x": 50,
      "pos_y": 50
    },
    {
      "step": 7,
      "text": "Explica também sobre ter esquecido as interações com os divinos.",
      "speed": 0.6,
      "size": 40,
      "rgb_color": [237, 237, 237],
      "pos_x": 50,
      "pos_y": 50
    },
    {
      "step": 8,
      "text": "Jacob: Só não entendo como pude esquecer de tudo...",
      "speed": 0.6,
      "size": 40,
      "rgb_color": [0, 0, 0],
      "pos_x": 50,
      "pos_y": 50
    },
    {
      "step": 9,
      "text": "Kairós: Simples, você não pode lembrar daquilo que não aconteceu.",
      "speed": 0.4,
      "size": 40,
      "rgb_color": [0, 0, 0],
      "pos_x": 50,
      "pos_y": 50
    },
    {
      "step": 10,
      "text": "Jacob: Kairós!",
      "speed": 0.8,
      "size": 40,
      "rgb_color": [0, 0, 0],
      "pos_x": 50,
      "pos_y": 50
    },
    {
      "step": 11,
      "text": "Kairós: Quando você nos encontrou na fenda, Cronos alterou o tempo.",
      "speed": 0.6,
      "size": 40,
      "rgb_color": [0, 0, 0],
      "pos_x": 50,
      "pos_y": 50
    },
    {
      "step": 12,
      "text": "Kairós: E selou suas memórias no processo...",
      "speed": 0.6,
      "size": 40,
      "rgb_color": [0, 0, 0],
      "pos_x": 50,
      "pos_y": 50
    },
    {
      "step": 13,
      "text": "Kairós: Logo, é como se você tivesse seguido viagem normalmente.",
      "speed": 0.6,
      "size": 40,
      "rgb_color": [0, 0, 0],
      "pos_x": 50,
      "pos_y": 50
    },
    {
      "step": 14,
      "text": "Kairós: Mas como você o encontrou novamente, o selo se rompeu.",
      "speed": 0.6,
      "size": 40,
      "rgb_color": [0, 0, 0],
      "pos_x": 50,
      "pos_y": 50
    },
    {
      "step": 15,
      "text": "Kairós: E agora que você o derrotou, sua essência divina se tornou uma carga.",
      "speed": 0.6,
      "size": 40,
      "rgb_color": [0, 0, 0],
      "pos_x": 50,
      "pos_y": 50
    },
    {
      "step": 16,
      "text": "Kairós: E você terá mais uma oportunidade de mudar o passado.",
      "speed": 0.6,
      "size": 40,
      "rgb_color": [0, 0, 0],
      "pos_x": 50,
      "pos_y": 50
    },
    {
      "step": 17,
      "text": "Kairós: Há um porém, todavia.",
      "speed": 0.6,
      "size": 38,
      "rgb_color": [0, 0, 0],
      "pos_x": 50,
      "pos_y": 50
    },
    {
      "step": 18,
      "text": "Kairós: Ao voltar, será sua última viagem. Tudo que você conhece será mudado.",
      "speed": 0.6,
      "size": 38,
      "rgb_color": [0, 0, 0],
      "pos_x": 50,
      "pos_y": 50
    },
    {
      "step": 19,
      "text": "Kairós: Em outras palavras, será uma nova linha do tempo.",
      "speed": 0.6,
      "size": 40,
      "rgb_color": [0, 0, 0],
      "pos_x": 50,
      "pos_y": 50
    },
    {
      "step": 20,
      "text": "Kairós: Você ficará preso no passado.",
      "speed": 0.6,
      "size": 40,
      "rgb_color": [0, 0, 0],
      "pos_x": 50,
      "pos_y": 50
    },
    {
      "step": 21,
      "text": "Kairós: E seus amigos aqui deixarão de existir.",
      "speed": 0.4,
      "size": 40,
      "rgb_color": [0, 0, 0],
      "pos_x": 50,
      "pos_y": 50
    },
    {
      "step": 22,
      "text": "O silêncio toma conta da sala por alguns minutos",
      "speed": 0.4,
      "size": 40,
      "rgb_color": [237, 237, 237],
      "pos_x": 50,
      "pos_y": 50
    },
    {
      "step": 23,
      "text": "Kenji: Não tem problema Jacob. Arrume tudo!",
      "speed": 0.6,
      "size": 40,
      "rgb_color": [0, 0, 0],
      "pos_x": 50,
      "pos_y": 50
    },
    {
      "step": 24,
      "text": "Gotisch: Sim! Acabar com os nazistas é nossa prioridade.",
      "speed": 0.4,
      "size": 40,
      "rgb_color": [0, 0, 0],
      "pos_x": 50,
      "pos_y": 50
    },
    {
      "step": 25,
      "text": "Gotisch: Mesmo que deixemos de existir!",
      "speed": 0.6,
      "size": 40,
      "rgb_color": [0, 0, 0],
      "pos_x": 50,
      "pos_y": 50
    },
    {
      "step": 26,
      "text": "Jacob: Pessoal...",
      "speed": 0.6,
      "size": 40,
      "rgb_color": [0, 0, 0],
      "pos_x": 50,
      "pos_y": 50
    },
    {
      "step": 27,
      "text": "Jacob: Certo! Prometo consertar tudo!",
      "speed": 0.6,
      "size": 40,
      "rgb_color": [0, 0, 0],
      "pos_x": 50,
      "pos_y": 50
    },
    {
      "step": 28,
      "text": "Kairós: Então está feito. Adeus, Jacob.",
      "speed": 0.6,
      "size": 40,
      "rgb_color": [0, 0, 0],
      "pos_x": 50,
      "pos_y": 50
    }
  ]
}