{
  "name": "Cutscene 22",
  "final_step": 2,
  "events": [
    {
      "step": 0,
      "text": "Bélgica, 1918.",
      "speed": 0.4,
      "size": 40,
      "rgb_color": [237, 237, 237],
      "pos_x": 50,
      "pos_y": 50
    },
    {
      "step": 1,
      "text": "Jacob: Dessa vez é pra valer!",
      "speed": 0.6,
      "size": 40,
      "rgb_color": [0, 0, 0],
      "pos_x": 50,
      "pos_y": 50
    },
    {
      "step": 2,
      "text": "Jacob: Devo voltar para o hospital. Hitler deve estar lá.",
      "speed": 0.6,
      "size": 40,
      "rgb_color": [0, 0, 0],
      "pos_x": 50,
      "pos_y": 50
    }
  ]
}