{
  "name": "Cutscene 2",
  "final_step": 14,
  "events": [
    {
      "step": 0,
      "text": "Ruas de Varsóvia, 1942.",
      "speed": 0.4,
      "size": 40,
      "rgb_color": [237, 237, 237],
      "pos_x": 50,
      "pos_y": 50
    },
    {
      "step": 1,
      "text": "Jacob: Hum? O que aconteceu?",
      "speed": 0.5,
      "size": 40,
      "rgb_color": [0, 0, 0],
      "pos_x": 50,
      "pos_y": 50
    },
    {
      "step": 2,
      "text": "Idoso: Você é louco porr acaso? Deve estarr bêbad...",
      "speed": 1,
      "size": 40,
      "rgb_color": [0, 0, 0],
      "pos_x": 50,
      "pos_y": 50
    },
    {
      "step": 3,
      "text": "Idoso: O toque de recolherr já passou há 2 horras!!",
      "speed": 0.6,
      "size": 40,
      "rgb_color": [0, 0, 0],
      "pos_x": 50,
      "pos_y": 50
    },
    {
      "step": 4,
      "text": "Idoso: O que faz no meio da rua tão tarrde?",
      "speed": 0.6,
      "size": 40,
      "rgb_color": [0, 0, 0],
      "pos_x": 50,
      "pos_y": 50
    },
    {
      "step": 5,
      "text": "Jacob: Desculpe-me senhor, mas você pode me informar onde estamos?",
      "speed": 0.4,
      "size": 40,
      "rgb_color": [0, 0, 0],
      "pos_x": 50,
      "pos_y": 50
    },
    {
      "step": 6,
      "text": "Jacob: Eu estava em Shenzhen agora mesmo e do nada vim parar aqui.",
      "speed": 0.4,
      "size": 40,
      "rgb_color": [0, 0, 0],
      "pos_x": 50,
      "pos_y": 50
    },
    {
      "step": 7,
      "text": "Idoso: Você está no meio da rua depois do toque de recolherr no meio de uma guerra.",
      "speed": 1,
      "size": 40,
      "rgb_color": [0, 0, 0],
      "pos_x": 50,
      "pos_y": 50
    },
    {
      "step": 8,
      "text": "Idoso: Está ficando louco porr acaso?",
      "speed": 1,
      "size": 40,
      "rgb_color": [0, 0, 0],
      "pos_x": 50,
      "pos_y": 50
    },
    {
      "step": 9,
      "text": "Jacob: Guerra?? Não é possível... Em que ano estamos?",
      "speed": 0.4,
      "size": 40,
      "rgb_color": [0, 0, 0],
      "pos_x": 50,
      "pos_y": 50
    },
    {
      "step": 10,
      "text": "Idoso: Estamos em 1942, você vive debaixo de uma pedrra?",
      "speed": 1,
      "size": 40,
      "rgb_color": [0, 0, 0],
      "pos_x": 50,
      "pos_y": 50
    },
    {
      "step": 11,
      "text": "Jacob: Mas então...Será que viajei no tempo mesmo?",
      "speed": 0.4,
      "size": 40,
      "rgb_color": [0, 0, 0],
      "pos_x": 50,
      "pos_y": 50
    },
    {
      "step": 12,
      "text": "Idoso: Ah não, aí vem eles...",
      "speed": 1,
      "size": 40,
      "rgb_color": [0, 0, 0],
      "pos_x": 50,
      "pos_y": 50
    },
    {
      "step": 13,
      "text": "Nazista 1: Ei. Você aí! O que faz na rua a essas horras se escondendo nas sombrras?",
      "speed": 0.5,
      "size": 40,
      "rgb_color": [0, 0, 0],
      "pos_x": 50,
      "pos_y": 50
    },
    {
      "step": 14,
      "text": "Nazista 2: EI! ESPERE!",
      "speed": 0.5,
      "size": 40,
      "rgb_color": [0, 0, 0],
      "pos_x": 50,
      "pos_y": 50
    }
  ]
}
