{
  "name": "Cutscene 23",
  "final_step": 8,
  "events": [
    {
      "step": 0,
      "text": "Adolf: Como dói mein cabeça!!!",
      "speed": 0.6,
      "size": 40,
      "rgb_color": [0, 0, 0],
      "pos_x": 50,
      "pos_y": 50
    },
    {
      "step": 1,
      "text": "Adolf: Malditos ingleses! Como passaram das linhas alemãs? Como perdemos?",
      "speed": 0.6,
      "size": 40,
      "rgb_color": [0, 0, 0],
      "pos_x": 50,
      "pos_y": 50
    },
    {
      "step": 2,
      "text": "Adolf: Não importa, essa coisa parece ter muito poder.",
      "speed": 0.6,
      "size": 40,
      "rgb_color": [0, 0, 0],
      "pos_x": 50,
      "pos_y": 50
    },
    {
      "step": 3,
      "text": "Adolf: É isso! Vingarei a Alemanha!",
      "speed": 0.6,
      "size": 40,
      "rgb_color": [0, 0, 0],
      "pos_x": 50,
      "pos_y": 50
    },
    {
      "step": 4,
      "text": "Adolf: Vocês não perdem por esperar!",
      "speed": 0.4,
      "size": 40,
      "rgb_color": [0, 0, 0],
      "pos_x": 50,
      "pos_y": 50
    },
    {
      "step": 5,
      "text": "Jacob: Não tão rápido!",
      "speed": 0.6,
      "size": 40,
      "rgb_color": [0, 0, 0],
      "pos_x": 50,
      "pos_y": 50
    },
    {
      "step": 6,
      "text": "Adolf: AHHHHHHH. Você?? Como foi parar ai?",
      "speed": 0.6,
      "size": 40,
      "rgb_color": [0, 0, 0],
      "pos_x": 50,
      "pos_y": 50
    },
    {
      "step": 7,
      "text": "Adolf: Não importa! morrerá igual seu amigo.",
      "speed": 0.6,
      "size": 40,
      "rgb_color": [0, 0, 0],
      "pos_x": 50,
      "pos_y": 50
    },
    {
      "step": 8,
      "text": "Adolf: Não será tão fácil dessa vez!",
      "speed": 0.6,
      "size": 40,
      "rgb_color": [0, 0, 0],
      "pos_x": 50,
      "pos_y": 50
    }
  ]
}