{
  "name": "Cutscene 4",
  "final_step": 1,
  "events": [
    {
      "step": 0,
      "text": "Nazista 1: Agora não há para onde correr he he he",
      "speed": 0.6,
      "size": 40,
      "rgb_color": [0, 0, 0],
      "pos_x": 50,
      "pos_y": 50
    },
    {
      "step": 1,
      "text": "Nazista 2: Venha! Vamos te levar pra um lugar especial ki ki ki ki",
      "speed": 0.6,
      "size": 40,
      "rgb_color": [0, 0, 0],
      "pos_x": 50,
      "pos_y": 50
    }
  ]
}