{
  "name": "Cutscene 5",
  "final_step": 4,
  "events": [
    {
      "step": 0,
      "text": "Nazista 1: Cansado de resistir judeu? he he he he",
      "speed": 0.6,
      "size": 40,
      "rgb_color": [0, 0, 0],
      "pos_x": 50,
      "pos_y": 50
    },
    {
      "step": 1,
      "text": "Nazista 2: Vai morrer igual os outros ki ki ki ki",
      "speed": 0.6,
      "size": 40,
      "rgb_color": [0, 0, 0],
      "pos_x": 50,
      "pos_y": 50
    },
    {
      "step": 2,
      "text": "Jacob: Talvez...Mas não é hoje!",
      "speed": 0.4,
      "size": 40,
      "rgb_color": [0, 0, 0],
      "pos_x": 50,
      "pos_y": 50
    },
    {
      "step": 3,
      "text": "Rapidamente, Jacob coloca a data '10 de outubro de 1918' em seu relógio, e o ativa",
      "speed": 0.4,
      "size": 40,
      "rgb_color": [237, 237, 237],
      "pos_x": 50,
      "pos_y": 50
    },
    {
      "step": 4,
      "text": "Nazista 1: Mas que diab...",
      "speed": 0.4,
      "size": 40,
      "rgb_color": [0, 0, 0],
      "pos_x": 50,
      "pos_y": 50
    }
  ]
}