{
  "name": "Cutscene 6",
  "final_step": 5,
  "events": [
    {
      "step": 0,
      "text": "Jacob: Que lugar estranho...Definitivamente não é 1918.",
      "speed": 0.4,
      "size": 40,
      "rgb_color": [0, 0, 0],
      "pos_x": 50,
      "pos_y": 50
    },
    {
      "step": 1,
      "text": "Mulher: NÃO! Por que você não me escutou?",
      "speed": 0.6,
      "size": 40,
      "rgb_color": [0, 0, 0],
      "pos_x": 50,
      "pos_y": 50
    },
    {
      "step": 2,
      "text": "Jacob: Você é a moça de mais cedo? Onde estou?",
      "speed": 0.4,
      "size": 40,
      "rgb_color": [0, 0, 0],
      "pos_x": 50,
      "pos_y": 50
    },
    {
      "step": 3,
      "text": "Kairós: Meu nome é Kairós. E você foi descoberto por ele. É tarde demais agora...",
      "speed": 0.6,
      "size": 40,
      "rgb_color": [0, 0, 0],
      "pos_x": 50,
      "pos_y": 50
    },
    {
      "step": 4,
      "text": "Kairós: Aconteça o que acontecer, não fale que me conhece. Entendido?",
      "speed": 0.6,
      "size": 40,
      "rgb_color": [0, 0, 0],
      "pos_x": 50,
      "pos_y": 50
    },
    {
      "step": 5,
      "text": "Antes de Jacob responder, Cronos surge das sombras.",
      "speed": 1,
      "size": 40,
      "rgb_color": [237, 237, 237],
      "pos_x": 50,
      "pos_y": 50
    }
  ]
}