{
  "name": "Cutscene 7",
  "final_step": 25,
  "events": [
    {
      "step": 0,
      "text": "Cronos: Então você é o verme insolente que ousa utilizar meu artefato divino?",
      "speed": 0.4,
      "size": 40,
      "rgb_color": [0, 0, 0],
      "pos_x": 50,
      "pos_y": 50
    },
    {
      "step": 1,
      "text": "Cronos: Mortal imundo, não deveria utilizar aquilo que não compreende.",
      "speed": 0.4,
      "size": 40,
      "rgb_color": [0, 0, 0],
      "pos_x": 50,
      "pos_y": 50
    },
    {
      "step": 2,
      "text": "Cronos: Pagarás com a vida!",
      "speed": 0.4,
      "size": 40,
      "rgb_color": [0, 0, 0],
      "pos_x": 50,
      "pos_y": 50
    },
    {
      "step": 3,
      "text": "Kairós: Espere Cronos. Talvez seja um acidente. Deixe que se explique.",
      "speed": 0.6,
      "size": 40,
      "rgb_color": [0, 0, 0],
      "pos_x": 50,
      "pos_y": 50
    },
    {
      "step": 4,
      "text": "Cronos: Deixar que se explique?",
      "speed": 0.8,
      "size": 40,
      "rgb_color": [0, 0, 0],
      "pos_x": 50,
      "pos_y": 50
    },
    {
      "step": 5,
      "text": "Cronos: O que um humano pode dizer que esteja além da compreensão de um deus?",
      "speed": 0.8,
      "size": 40,
      "rgb_color": [0, 0, 0],
      "pos_x": 50,
      "pos_y": 50
    },
    {
      "step": 6,
      "text": "Jacob interrompe.",
      "speed": 1,
      "size": 40,
      "rgb_color": [237, 237, 237],
      "pos_x": 50,
      "pos_y": 50
    },
    {
      "step": 7,
      "text": "Jacob: Perdão. Não queria causar problemas, ou utilizar seu artefato.",
      "speed": 0.6,
      "size": 40,
      "rgb_color": [0, 0, 0],
      "pos_x": 50,
      "pos_y": 50
    },
    {
      "step": 8,
      "text": "Cronos: Além de tudo é sem educação. Não deves interromper seu superior.",
      "speed": 0.6,
      "size": 40,
      "rgb_color": [0, 0, 0],
      "pos_x": 50,
      "pos_y": 50
    },
    {
      "step": 9,
      "text": "Cronos: Mas se não queria utilizá-lo, então porque contabilizei o uso de duas cargas?",
      "speed": 0.6,
      "size": 40,
      "rgb_color": [0, 0, 0],
      "pos_x": 50,
      "pos_y": 50
    },
    {
      "step": 10,
      "text": "Cronos: Uma delas, inclusive, recentemente.",
      "speed": 0.6,
      "size": 40,
      "rgb_color": [0, 0, 0],
      "pos_x": 50,
      "pos_y": 50
    },
    {
      "step": 11,
      "text": "Jacob explica a história de como entrou em posse do artefato e como chegou ali.",
      "speed": 0.6,
      "size": 40,
      "rgb_color": [237, 237, 237],
      "pos_x": 50,
      "pos_y": 50
    },
    {
      "step": 12,
      "text": "Porém, não mencionando seu encontro com Kairós.",
      "speed": 0.6,
      "size": 40,
      "rgb_color": [237, 237, 237],
      "pos_x": 50,
      "pos_y": 50
    },
    {
      "step": 13,
      "text": "Cronos: Entendo. Espera que eu acredite? Então por que não voltas para casa?",
      "speed": 0.6,
      "size": 40,
      "rgb_color": [0, 0, 0],
      "pos_x": 50,
      "pos_y": 50
    },
    {
      "step": 14,
      "text": "Cronos: Ou pensas que não sei que pretendes mudar o tempo?",
      "speed": 0.6,
      "size": 40,
      "rgb_color": [0, 0, 0],
      "pos_x": 50,
      "pos_y": 50
    },
    {
      "step": 15,
      "text": "Jacob: Eu pretendia, não posso deixar meu povo sofrer assim.",
      "speed": 0.6,
      "size": 40,
      "rgb_color": [0, 0, 0],
      "pos_x": 50,
      "pos_y": 50
    },
    {
      "step": 16,
      "text": "Jacob: Não sem ao menos tentar evitar essa catástrofe. E com esse relógio, é possível!",
      "speed": 0.6,
      "size": 38,
      "rgb_color": [0, 0, 0],
      "pos_x": 50,
      "pos_y": 50
    },
    {
      "step": 17,
      "text": "Cronos: Intrigante... Muito bem, continue sua viagem.",
      "speed": 0.6,
      "size": 40,
      "rgb_color": [0, 0, 0],
      "pos_x": 50,
      "pos_y": 50
    },
    {
      "step": 18,
      "text": "Kairós: O quê?!",
      "speed": 0.6,
      "size": 40,
      "rgb_color": [0, 0, 0],
      "pos_x": 50,
      "pos_y": 50
    },
    {
      "step": 19,
      "text": "Cronos: Mas deverás viver com as consequências de seus atos.",
      "speed": 0.6,
      "size": 40,
      "rgb_color": [0, 0, 0],
      "pos_x": 50,
      "pos_y": 50
    },
    {
      "step": 20,
      "text": "Cronos estala os dedos com um movimento ágil, e assim Jacob resume a viagem.",
      "speed": 0.6,
      "size": 40,
      "rgb_color": [237, 237, 237],
      "pos_x": 50,
      "pos_y": 50
    },
    {
      "step": 21,
      "text": "Kairós: Por que fez isso?",
      "speed": 0.6,
      "size": 40,
      "rgb_color": [0, 0, 0],
      "pos_x": 50,
      "pos_y": 50
    },
    {
      "step": 22,
      "text": "Cronos: Sempre existem os idealistas que querem “consertar” o passado.",
      "speed": 0.6,
      "size": 40,
      "rgb_color": [0, 0, 0],
      "pos_x": 50,
      "pos_y": 50
    },
    {
      "step": 23,
      "text": "Cronos: Você sabe isso melhor que ninguém. Mas o tempo não é como imaginam.",
      "speed": 0.6,
      "size": 40,
      "rgb_color": [0, 0, 0],
      "pos_x": 50,
      "pos_y": 50
    },
    {
      "step": 24,
      "text": "Cronos: E bem da verdade, me sinto um pouco entediado.",
      "speed": 0.6,
      "size": 40,
      "rgb_color": [0, 0, 0],
      "pos_x": 50,
      "pos_y": 50
    },
    {
      "step": 25,
      "text": "Cronos: E agora ele não se lembrará deste encontro HA HA HA HA",
      "speed": 0.6,
      "size": 40,
      "rgb_color": [0, 0, 0],
      "pos_x": 50,
      "pos_y": 50
    }
  ]
}