{
  "name": "Cutscene 9",
  "final_step": 7,
  "events": [
    {
      "step": 0,
      "text": "Soldado: Segurem a linha. Tiros de supressão!",
      "speed": 0.6,
      "size": 40,
      "rgb_color": [0, 0, 0],
      "pos_x": 50,
      "pos_y": 50
    },
    {
      "step": 1,
      "text": "Soldado: EMPURREM AS LINHAS INIMIGAS!",
      "speed": 0.4,
      "size": 40,
      "rgb_color": [0, 0, 0],
      "pos_x": 50,
      "pos_y": 50
    },
    {
      "step": 2,
      "text": "Jacob: (parece que os aliados estão em apuros...)",
      "speed": 0.4,
      "size": 40,
      "rgb_color": [0, 0, 0],
      "pos_x": 50,
      "pos_y": 50
    },
    {
      "step": 3,
      "text": "Jacob: Oh, não!",
      "speed": 0.4,
      "size": 40,
      "rgb_color": [0, 0, 0],
      "pos_x": 50,
      "pos_y": 50
    },
    {
      "step": 4,
      "text": "Soldado: Maldição!",
      "speed": 0.4,
      "size": 40,
      "rgb_color": [0, 0, 0],
      "pos_x": 50,
      "pos_y": 50
    },
    {
      "step": 5,
      "text": "Soldado: Podem me matar, mas não facilmente!",
      "speed": 0.4,
      "size": 40,
      "rgb_color": [0, 0, 0],
      "pos_x": 50,
      "pos_y": 50
    },
    {
      "step": 6,
      "text": "Soldado: Ei, você, me ajude!",
      "speed": 0.4,
      "size": 40,
      "rgb_color": [0, 0, 0],
      "pos_x": 50,
      "pos_y": 50
    },
    {
      "step": 7,
      "text": "Soldado: Pegue isto para lutar.",
      "speed": 0.4,
      "size": 40,
      "rgb_color": [0, 0, 0],
      "pos_x": 50,
      "pos_y": 50
    }
  ]
}